article_id,title,category,url,published_date,updated_at
2001,2FA Setup #1,Account,https://kb.example.com/article/2001,2024-12-19 18:49:08,2025-04-10 04:28:16
2002,Usage Limits #2,Billing,https://kb.example.com/article/2002,2024-12-20 11:57:24,2025-08-14 02:33:18
2003,Performance Tuning #3,Billing,https://kb.example.com/article/2003,2025-02-10 13:09:17,2025-08-09 04:00:30
2004,Cancel Subscription #4,Troubleshooting,https://kb.example.com/article/2004,2025-02-02 03:22:54,2025-08-08 12:58:16
2005,Webhook Setup #5,How‑to,https://kb.example.com/article/2005,2025-01-11 23:26:29,2025-06-18 17:34:21
2006,SLA Overview #6,Integrations,https://kb.example.com/article/2006,2025-02-02 02:07:56,2025-06-01 04:31:09
2007,2FA Setup #7,Account,https://kb.example.com/article/2007,2025-01-20 07:19:11,2025-04-02 06:53:14
2008,Webhook Setup #8,Troubleshooting,https://kb.example.com/article/2008,2024-12-29 15:23:37,2025-05-12 05:08:04
2009,Data Export #9,How‑to,https://kb.example.com/article/2009,2025-01-28 19:44:31,2025-08-19 03:59:10
2010,Usage Limits #10,Troubleshooting,https://kb.example.com/article/2010,2025-03-08 17:50:02,2025-07-21 18:39:09
2011,Data Export #11,How‑to,https://kb.example.com/article/2011,2025-02-10 12:40:48,2025-04-22 13:45:00
2012,API Auth #12,How‑to,https://kb.example.com/article/2012,2024-12-15 22:55:27,2025-04-22 19:09:57
2013,Performance Tuning #13,Integrations,https://kb.example.com/article/2013,2025-03-02 23:29:32,2025-06-13 17:02:02
2014,API Auth #14,How‑to,https://kb.example.com/article/2014,2025-02-17 14:06:24,2025-03-28 00:32:12
2015,Webhook Setup #15,Troubleshooting,https://kb.example.com/article/2015,2025-02-19 08:38:13,2025-07-09 20:57:33
2016,Rate Limits #16,How‑to,https://kb.example.com/article/2016,2025-01-07 12:25:16,2025-07-23 05:56:41
2017,Rate Limits #17,Integrations,https://kb.example.com/article/2017,2025-01-02 20:24:01,2025-08-17 23:59:19
2018,Performance Tuning #18,Integrations,https://kb.example.com/article/2018,2024-12-20 07:34:42,2025-06-08 04:48:24
2019,SLA Overview #19,Troubleshooting,https://kb.example.com/article/2019,2024-12-04 19:47:19,2025-04-04 11:54:07
2020,Usage Limits #20,Billing,https://kb.example.com/article/2020,2025-02-14 17:01:15,2025-06-28 09:36:32
2021,SLA Overview #21,Billing,https://kb.example.com/article/2021,2025-02-14 11:14:00,2025-08-13 01:10:28
2022,Usage Limits #22,How‑to,https://kb.example.com/article/2022,2025-03-11 16:31:53,2025-04-10 18:07:28
2023,2FA Setup #23,Account,https://kb.example.com/article/2023,2025-02-18 16:42:33,2025-06-07 09:36:11
2024,Webhook Setup #24,How‑to,https://kb.example.com/article/2024,2025-01-24 06:26:09,2025-06-19 22:45:44
2025,API Auth #25,Troubleshooting,https://kb.example.com/article/2025,2024-12-15 03:23:09,2025-08-15 20:00:31
2026,Rate Limits #26,Troubleshooting,https://kb.example.com/article/2026,2025-02-05 00:43:13,2025-08-10 04:44:02
2027,Data Export #27,Troubleshooting,https://kb.example.com/article/2027,2025-02-26 16:00:23,2025-07-13 14:05:31
2028,Cancel Subscription #28,Troubleshooting,https://kb.example.com/article/2028,2025-01-24 06:23:27,2025-07-03 04:32:05
2029,Reset Password #29,Troubleshooting,https://kb.example.com/article/2029,2024-12-24 09:23:11,2025-07-06 20:36:47
2030,Cancel Subscription #30,Integrations,https://kb.example.com/article/2030,2025-01-10 21:23:35,2025-05-17 22:33:16
